BRCA	HNSC	KIRC	KIRP	LIHC	LUSC	PRAD	STAD	THCA
hsa-let-7a-1	-0.174061353884278	-0.304652816920448	-0.0446978304838315	-0.0528551773071012	0.222318191414386	-0.599427006406989	0.124684697383369	-0.731856958915907	0.131750093418058
hsa-let-7a-2	-0.176955493216846	-0.308949314248208	-0.0450588591495372	-0.0523757288410571	0.224160916992576	-0.595934919060521	0.122905143458767	-0.733854076246771	0.131301327180302
hsa-let-7a-3	-0.173899828675142	-0.304631694487566	-0.0473277345878788	-0.0556160021964717	0.223708851650391	-0.593375884349981	0.120444701580471	-0.731826275999484	0.13321745919648
hsa-let-7b	-0.154926294613004	-0.0123764377340837	0.593291660724537	-0.231106693362868	-0.107276714712069	-0.309379443453662	-0.156083978175299	-0.650388513914133	-0.515521475469508
hsa-let-7c	-1.72380344647686	-1.8860485791309	-0.243702855830291	-0.134607659229859	-0.721136752152325	-0.98880013690885	-0.397724996193178	-1.36614924814572	-0.31001322130195
hsa-let-7d	0.191051894898984	0.442020422229138	-0.057436713153322	0.239494796767338	0.455952688449505	0.324938192570213	0.0501726990281075	0.172282705348963	0.394035410928928
hsa-let-7e	0.309680084018891	0.23632125521826	-0.825273876692602	-0.0144504667218649	0.463458654812666	-0.0665365534124093	-0.319473308530639	-1.12217222200349	0.952976971631445
hsa-let-7f-1	-0.0312406132092224	-0.263883803245454	-0.117214929765373	0.261668015172165	0.433423865847859	-0.425315471520469	-0.131608446618556	-0.518910371460519	0.338744733178798
hsa-let-7f-2	-0.0218387124002258	-0.2632528675055	-0.12500789893913	0.259933451264329	0.432194928560841	-0.422035406330238	-0.113150226259744	-0.520460972381359	0.340657512926407
hsa-let-7g	0.195409143603046	-0.44670197600667	-0.695527246686038	0.0892539600753291	-0.0119558898442767	-0.0640157685657798	-0.0602122175319442	-0.273255796853483	0.0745326571470984
hsa-let-7i	-0.336400745243324	0.228218681375324	0.607245974540531	0.928547550680149	0.331682866548033	0.0829337116998227	-0.181280056967808	-0.0182532010145889	0.161354109903708
hsa-mir-1-1	-7.050537240694	-2.67570775797691	-1.35289439310704	-1.66596667360797	0.333499500366657	-2.57741261331346	-0.957927766794829	-2.8557348856784	-0.203924150943922
hsa-mir-1-2	-7.01610090078181	-2.68393932052049	-1.37522684577245	-1.65650965227611	0.265587570592993	-2.43936961038726	-0.975291706263027	-2.89891212364099	-0.236695417366535
hsa-mir-100	-1.74758711482	-1.48295711896541	0.191805800762542	-0.3313167239989	0.18547360058769	-1.07229771007626	-0.571141628334814	-1.36842029666695	-0.605923925592696
hsa-mir-101-1	-0.271512898030853	-1.85441248780306	0.348733673602837	-0.198392017114021	-0.854937006113015	-1.62951908461096	-0.244186410783688	-0.764851455615663	0.0826902411391383
hsa-mir-101-2	-0.282287561017568	-1.8582871262194	0.348775382491924	-0.203094459477089	-0.854432251317922	-1.63563635967161	-0.243107815621199	-0.774199012315059	0.0836380342509695
hsa-mir-103a-1	0.393294419143123	0.533992913198262	0.113875772884992	0.485318827046146	0.681539451124175	0.00413562632756251	0.148687842053167	0.172706831171095	0.258765256688116
hsa-mir-103a-2	0.395257816968148	0.531047414500508	0.112881901723103	0.486882668759904	0.680098830179003	0.00348646084774025	0.146872869783167	0.171580526812835	0.259251120124588
hsa-mir-106a	0.597926333386998	0.158338626459255	-1.09133481164945	-0.396780254474548	0.117553342981423	0.832156621708742	0.758183866967929	-0.77129157028113	-0.85730417530436
hsa-mir-106b	0.503516597467562	0.89452436136675	1.08516047143465	0.999747688890129	0.800068880544965	1.09535425249548	0.425011476244779	0.90865566637123	-0.227025577954449
hsa-mir-107	0.516773175460555	0.0981637439929634	-0.358715061896746	-0.0935858529363733	0.504068706933202	-0.18938149455669	-0.366690141508392	0.175397632879428	0.116466602576954
hsa-mir-10a	0.179670817741778	-0.449642397011169	-1.43791612585006	-0.0273748307330438	-0.754777437075547	-0.39708382506928	-1.95347825596111	-0.676689675804051	-0.779671020896158
hsa-mir-10b	-1.82497507471379	-1.15987849728849	-1.03907315829278	-1.80745476288132	4.14694656080669	1.66454503092693	0.0227453204230831	-0.732262842655088	-0.294990569708398
hsa-mir-1180	0.352684908835611	0.996929453490009	0.398585445517525	1.02947840487423	1.83575321924771	1.44254275345925	-0.401218575498063	0.350030464964606	-0.182246007971101
hsa-mir-1226	0.979527870317181	1.0928890833211	0.028164786223094	0.86850923454299	1.26708892956813	1.61630197241288	-0.146465352148694	0.361614631541276	0.831194843930698
hsa-mir-1247	-1.6627938170661	-0.78456004025733	-0.132216601500328	-0.61548622154947	-0.79268031563479	-0.29426490386602	-0.296340828913431	-0.243639102626664	-1.11338923894835
hsa-mir-1248	0.705356921124622	1.10680560740842	-0.790166884723361	0.735027545759711	-0.56989691430823	2.40983936602643	0.751686145678667	0.132860081989679	-0.864666092850437
hsa-mir-1249	-0.287278143920518	0.655761712058387	0.906320876154209	0.689992379366353	0.063937406495956	1.73888540913573	0.288485672217617	0.728011596141237	-0.493808223106115
hsa-mir-125a	-0.221517767456711	-0.157560684957253	-0.719222959091854	-0.535346147391137	-0.339329178965664	-0.309271202647164	-0.333657950375498	-1.11079307811036	0.661694327094068
hsa-mir-125b-1	-1.6111327769786	-1.17967340329683	-0.880768470136936	-0.600842880637372	-0.691478399082512	-0.345831630590763	-0.122100126904651	-1.02677732888435	0.529766064348206
hsa-mir-125b-2	-1.61568045354476	-1.20922614189975	-0.828950575329903	-0.54354599829787	-0.672380834210548	-0.33289256842795	-0.141876429929277	-1.04673404148713	0.518254773672675
hsa-mir-126	-0.689214040591243	-0.725348338485041	0.650308547287379	-1.87945622680082	-0.296991856227264	-1.25582011981137	0.606399645980417	0.0333911781382943	-0.343896721260202
hsa-mir-1262	-1.22567178133536	-0.458628308050949	0.174052887102241	-0.0734141255437995	0.307380843446463	0.0371912377771103	-0.134901770339181	-1.09694786514155	-0.23643923957604
hsa-mir-1266	0.851484786943206	-0.0354884353795706	0.0843361125364774	0.790327685743959	2.17599898958908	0.828995216297202	0.258118205610616	0.806255972175223	0.18767354719727
hsa-mir-127	-0.611878968880912	-1.07900415873842	-1.39893634361441	-1.74827325644772	-0.0604551311264483	0.574860112757185	-0.623644325653985	-0.112874247858873	-0.107384157035729
hsa-mir-1270	0.653756975655024	0.0826857498260666	2.22096861606307	1.3349720826372	2.11988908160581	1.80094335026526	0.220833571217373	0.323201677125105	-0.289448855226683
hsa-mir-1271	-0.605264086149815	0.253457437873059	1.16186665958042	0.148525071249894	-0.655405082185057	1.37333355086936	-0.288280890613632	-0.5252843772697	-0.273535478588546
hsa-mir-1277	1.98692822555414	0.210157848786825	0.822394851079421	0.672933955752951	-0.282207369113546	1.4348244134672	0.508869055216932	0.0215704048777105	0.824428016552255
hsa-mir-128-1	0.670439587602958	-0.200751129836807	0.134994198708384	0.254229971397931	0.797465674904148	1.33635772186748	-0.0398538512049365	0.385696704425041	-0.0365834353201086
hsa-mir-128-2	0.787567499253674	-0.0998514117236536	0.243715615323452	0.256857994782126	0.874182801304921	1.37073526609145	-0.227814268884118	0.318192979474708	-0.00610196558481944
hsa-mir-1287	0.0171317995640912	-0.460619208198656	0.28689012180425	0.697132603335376	0.423726532469909	-0.0302041497741614	-0.134215780472547	-0.182865188022944	-0.136348342079453
hsa-mir-1288	0.483863299255049	0.683896586853404	-0.219311755376489	0.638594981602779	0.791582625693983	0.747902948728077	-0.184119056377092	0.649854842827052	0.434799165546346
hsa-mir-129-1	-0.717111284235025	0.785159407068615	-4.02801923604215	-3.09588853260855	0.983671494668544	3.68702127231846	-0.91325503095369	0.394388385944824	-0.132676171878717
hsa-mir-129-2	-0.803258359501356	0.64026135759177	-3.94140647934084	-3.12261068594938	1.03925368436061	3.63795135328359	-0.874541532186968	0.415693032705209	-0.128736516634726
hsa-mir-1296	-0.420530695449017	0.113313163956048	-1.02412074906326	-0.905857483947858	-0.114223704838614	1.30288544226024	0.427995761857495	-0.380731269288096	-0.0793692929445617
hsa-mir-1301	2.01027375508719	1.73531161220667	0.251423301352117	0.608887580490562	1.19037103140874	1.62847456564054	0.115378253841533	1.22141567928931	0.39533966830075
hsa-mir-1306	0.546895256095662	1.08704113419549	0.23248243021801	0.263372624943635	0.531654576267732	2.02655187901868	-0.0207241929428499	0.223404266305454	0.107649577237521
hsa-mir-1307	1.14760403605101	1.02077935402165	0.472402695022173	1.15573774603788	0.765836251575969	1.53108747048604	0.102925007451948	0.863452607666192	0.828051501852787
hsa-mir-130a	-0.799402718076226	0.15767205420498	-0.76180320338522	-0.770073457192763	-1.53473049287916	-0.0330067074122618	-0.344807364351187	-0.410012161562947	-0.353685390119873
hsa-mir-130b	1.60227843977766	1.22446748693527	0.93577459695136	1.05581528671993	0.964407304680249	2.81758373643924	0.940765591527002	0.925910883116149	-0.186069522583459
hsa-mir-132	-0.522223934735591	0.124154817466076	-0.252412255496672	0.155693114298339	0.739278848054478	0.310952330928988	-0.0483183893985419	0.146768162790019	0.386038747579532
hsa-mir-133a-1	-7.58440768714963	-2.34323204204711	-1.44140373671723	-2.46117698191396	0.135738533447703	-2.2213900713393	-0.991424058078124	-3.24010329467563	0.121282176174652
hsa-mir-133a-2	-7.39965882423467	-2.37441118090045	-1.44557275791129	-2.42279489260857	0.182107256959823	-2.20630280539389	-0.92552929168573	-3.33347081135351	0.053372540055614
hsa-mir-134	-0.58890023567135	-0.260540842907747	-1.05211741058548	-1.29122250161304	-0.40428620336983	1.02523021042709	-0.625677308234606	0.335864352789468	-0.380307359446968
hsa-mir-1343	-0.052024804115741	1.05181665150448	-0.360293050489958	0.385288572778363	0.812386756373999	1.90683759519172	0.673872507257887	0.752900253276834	-0.146521444769289
hsa-mir-135b	2.37696607889183	0.921582600338815	-1.18413791679316	1.44355668954349	1.16617167454825	1.80985815851451	-1.52832095492173	3.05365932595912	0.542143122294432
hsa-mir-136	-0.0616940066557976	-1.52964370199467	-1.6196645165444	-2.18499231580166	-0.961389642649955	1.0182449305577	-0.635387172169046	-0.531949913810838	-0.194984842181904
hsa-mir-139	-2.8341459404001	-1.93655038766241	-0.70069623409986	-1.50139947287981	-1.63885355969614	-1.95955015858048	-0.401262715118815	-2.43251606348009	-0.793426337830858
hsa-mir-140	-1.47650452217975	-1.03353491236461	0.325436344636728	-0.0377064615561686	0.646627208862178	-1.59312069352401	-0.0615909079512761	-1.02574750250936	-0.339931713967454
hsa-mir-141	2.09419761295622	0.344253689319379	-4.80630573390791	-1.21291120432951	0.81563049836161	1.47629138107244	0.865092646734812	0.811139564800335	0.667358996031031
hsa-mir-142	2.016330795503	0.0848979008741041	1.98742146377748	1.2166614369393	-1.04786038321106	0.649692910093424	0.61942911722087	0.824474906641295	-0.515000559021584
hsa-mir-143	-1.34128873405706	-0.817548647180481	0.245846272773288	-0.914902682969907	0.631438265143535	-1.27958953986103	-1.013258456809	-1.889205341929	-0.316587176634475
hsa-mir-144	-3.49235805608765	-1.27235978864575	1.33072520396987	1.1476647847738	-1.08963546520099	-2.88797547616507	-0.895082938133302	-1.62340904630755	-2.18078015038685
hsa-mir-145	-2.16390369056465	-0.739489626654655	-0.814440096264736	-2.30786868246484	-0.868825347560495	-0.923629724390182	-0.448539538292574	-2.35786929242203	-0.707024766048075
hsa-mir-1468	-0.828518539881517	-1.22992511712959	-0.365856725770987	-0.669357042883945	-0.37647034914288	-0.603934987066228	-0.0787668011522955	-0.323088031932296	0.15985157748893
hsa-mir-146a	0.507081080294038	-0.553042372221273	0.789683070482251	1.27039806564947	0.00817812933385404	-0.0650111441012406	-0.399762795657596	0.199011215813972	0.427915993285963
hsa-mir-146b	0.124313390805795	0.17918718108276	1.52105778806286	0.998628485326095	0.956989925612601	-0.853481692181449	0.622502616841846	1.59323320471186	5.6446459452087
hsa-mir-148a	1.02482212505042	-1.38119546784393	0.624716127447353	0.442657438837237	-0.145642024162937	0.401143332138854	0.976039431525454	-0.899716309776683	-0.165333203459706
hsa-mir-148b	1.28524979276761	0.0659911205653777	0.321275432302472	0.558365090145294	0.643518532011216	0.13765802786206	-0.00519732701616328	0.239244189351202	-0.202799253564287
hsa-mir-149	1.29876769154862	0.2671959989532	-1.56874178852974	-0.725369528644858	0.728703417865841	3.33562384240759	-0.0485025926791995	-1.77840839205027	0.442726524860105
hsa-mir-150	0.129882468636584	-0.351835441760929	0.743128430884828	0.292110991007821	-0.691630336616592	-0.512386496789606	0.313119375187323	0.356415249106196	-0.960499404449056
hsa-mir-151a	0.380245462011003	0.252949872834839	0.400479905774779	0.372747302602578	1.11636596695898	0.52556708054066	-0.130915812153263	0.459897332147672	0.255253774228455
hsa-mir-151b	-0.496013913378757	-1.38742519550681	0.909273637567763	0.0433929830253885	0.032668200538651	-1.06206948736171	-0.41722934990469	-0.525028073225021	0.0245424059905472
hsa-mir-152	-0.0485290749019098	0.00399309317095506	0.159730555200236	0.372067103347206	0.176438841850886	0.728472758998637	-0.724048046443413	-0.841290889973638	-0.757712876249104
hsa-mir-153-1	1.67425131529104	-0.769831267342331	1.40025264912423	0.479249715134848	0.0253536274345214	0.686191400542296	1.91881695953311	-0.830076386237173	-0.87413002492322
hsa-mir-153-2	1.45299312715287	-0.164267653797042	1.30054113929579	0.754342059113241	-0.072484288661226	0.842471523186782	2.235527124832	-0.558939163728468	-0.980824946157278
hsa-mir-154	-0.664765226531105	-0.758807312399678	-1.98311445409404	-2.35313062135448	-0.630576524449342	1.48541841143121	-0.481057021472976	-0.161669859093633	-0.445393366482032
hsa-mir-155	1.35834585997092	-0.0489898294521032	3.36631946473178	1.57508573866113	0.34662268269694	0.3166180522974	0.130537917120491	0.550990231789654	0.164139012387783
hsa-mir-15a	0.575232913512631	0.319370568419841	0.989266555023017	0.571814267300385	0.128471146214277	-0.440812717029667	0.158613893988138	0.551835783425234	0.615851219382162
hsa-mir-15b	0.640640208580834	0.429995510000315	0.661983115575011	0.560632450803904	0.611685032650606	0.440482640210581	0.215433175101856	0.330828467595034	0.0974198728715221
hsa-mir-16-1	0.307791355505365	0.102414128050559	0.806728733707626	0.246953077630779	-0.0415993319406314	0.128483356856538	0.0122185840672573	0.250686600293044	-0.12613003934812
hsa-mir-16-2	0.295927479381985	0.125914424979991	0.814018667951765	0.257300814912596	-0.0371318761975353	0.149729100459151	-0.0247578890691548	0.226632820922558	-0.149178194903658
hsa-mir-17	0.777746649818186	0.340210966260641	0.212276693293749	0.614387563573441	0.351979016622944	1.10068367039671	0.733747762726887	0.767705113393565	0.0245141400248043
hsa-mir-181a-1	0.58442235724798	0.578538744946147	0.764424457361664	0.312785215749161	0.390214718098513	-0.943061881487536	-0.165037584896286	0.811306601740635	1.36010286269253
hsa-mir-181a-2	0.307022440291699	0.544196050704371	0.413621994111527	0.254741811561601	0.50059119183527	-0.380762392295122	-0.360288647668685	0.435918410984823	1.57525639464004
hsa-mir-181b-1	1.19334797134509	0.778302607289503	1.14818259678262	0.628487589830659	0.831662824190803	-0.148004908952099	-0.415583269721866	1.04455458206794	1.52634254073432
hsa-mir-181b-2	1.08170684371935	0.805706235145374	1.15128999984085	0.624626075151496	0.873096787429343	-0.177465018279254	-0.465280732746797	1.04818852670413	1.57141760962434
hsa-mir-181c	1.269963439229	-0.165393074315799	0.309015714867676	0.975997250678873	0.203385631410372	-0.313546056565866	-0.327332985519353	-0.310862420737014	0.692418849017889
hsa-mir-181d	1.37152548543708	0.313980645021675	0.468423162886404	0.982769645108688	0.66175045888268	0.138749381590444	-0.412711522863806	-0.398073013564142	1.23809900618466
hsa-mir-182	2.12260861965297	1.23323260841687	-0.656818279912398	2.06320590500366	3.585091713673	1.98747017571689	1.13791898300823	1.03560302737392	1.12086102725833
hsa-mir-183	2.80136173815526	1.72763051240218	-1.02063574595766	2.21007412631557	4.15965443771409	3.02682658892046	1.01547334757462	1.52642835467148	1.26221261596872
hsa-mir-185	0.00367518647727864	0.712857981796093	0.764147515340476	1.36580709270199	0.559045389558681	-0.0650008590209336	0.0124901502445807	0.519987886631364	0.0276845774846832
hsa-mir-186	-0.145712605986534	-0.0461258541616067	0.517230283290638	0.19907107070915	0.178271998546086	0.181061156490294	-0.00975152326574623	-0.202240051269842	-0.106961511838219
hsa-mir-187	3.59934995420568	1.49203112032143	-1.94841258804324	-0.708042960575765	-0.436194702946797	1.29077558979597	-2.10220747607698	-1.81258589755259	2.55056980669222
hsa-mir-188	1.52930741076213	0.205022634984728	-1.76684003329593	-0.744949452240523	0.832028073344741	1.3106271280398	0.351299996990982	1.52410402038466	0.446260185565326
hsa-mir-18a	0.857213793861785	1.07970045173162	0.588620592859619	0.475930824243309	0.681728778193149	1.19522105766963	0.592801593403953	1.72730988270374	-0.869639740082773
hsa-mir-18b	0.0017266962303634	0.697324858910161	-0.650093089443615	0.443632768211284	0.135195167724641	0.601888493862273	0.305557937388561	0.408540863338811	-1.00697643624932
hsa-mir-190a	-0.738008632801862	-1.22845526943248	-0.608235650751177	-1.32950192854636	0.243643749489989	-1.2157947307032	-0.154463449747804	-0.191274106965854	-0.893422952443667
hsa-mir-191	1.31497437209994	0.120559223173167	-0.268768089625894	0.542446662143725	-0.0893429938216686	0.610002850004951	0.531483430757426	0.597874061795535	0.319710384917914
hsa-mir-192	1.52456967541404	0.0852879171942025	0.239621162028098	-0.489312745496551	-0.158151695748866	1.06616106565815	-0.03639994378674	0.544080568793974	0.081487443492824
hsa-mir-193a	-1.04685503124258	0.377026923972628	0.967192965790959	0.958048104669593	-0.0829787070398664	0.507583935400518	-0.196602281129144	-1.13194524607408	-0.581336104358816
hsa-mir-193b	0.256811804531935	1.49241149424054	0.0742223002858396	1.05684603564217	0.25748052620806	2.35299862804351	-0.083222180777462	-0.272483088177033	-0.846021269349802
hsa-mir-194-1	0.304223939632342	-0.236993396881024	0.0594785261966392	-0.598157323720965	0.117231222528339	-0.191897749246071	-0.0236578672229926	1.06956389024573	0.101945718611844
hsa-mir-194-2	0.357188493546232	-0.191678852109294	-0.0410133132118188	-0.632525193094889	0.109154513714649	-0.158900002037162	0.0180290600659181	1.11030182759335	0.109753943882926
hsa-mir-195	-1.56763988328828	-1.65669886785673	0.197961530981268	-2.08641214647999	-0.556572114281526	-1.61922665026386	-0.186874433847119	-1.22886144705383	-1.03799332059734
hsa-mir-196a-1	3.08865602278911	4.47511646789708	0.634958494066021	0.341831897215865	3.88686492139922	6.80083692864519	-1.12903109253924	4.54568600336705	1.361843623782
hsa-mir-196a-2	2.93649077484443	4.46574247611596	0.440060940367353	0.185973929789657	3.91998962748645	6.68894744839076	-0.843150159169911	4.46035475024205	1.24729745865048
hsa-mir-196b	0.616003225254578	3.48251941432794	1.34108588501583	1.55404558404119	2.67391746492136	5.64958745605495	0.665337279589478	4.20762511648192	1.94207464339332
hsa-mir-197	-0.223585932848883	0.696992936878698	0.283004742423372	0.345920095549044	0.0958650703615961	0.757483091041652	0.385794189204541	0.0635557595476428	-0.0995756261537556
hsa-mir-1976	0.375933021356907	0.602285007271042	0.194208115161517	0.708673128576767	0.0443682785547835	-0.900344010077511	0.381863514529161	0.684234752650073	-0.376344720358126
hsa-mir-199a-1	0.300208299591692	-0.437540173383241	-1.58660223662479	-1.98360676787742	-1.32293407659304	0.384797319542302	-0.245417467027822	0.0068842985590139	-0.790763703419803
hsa-mir-199a-2	0.325851905387057	-0.450786508108393	-1.53972493862347	-2.01289239412425	-1.31824928478955	0.450213554293005	-0.256446067336264	0.0855039135279175	-0.820868967284876
hsa-mir-199b	0.278250412828893	-0.531733807650082	-1.48270340745553	-2.02135893644653	-1.27575353622539	0.500838682439565	-0.234876640485551	0.230629639421515	-0.904809588008416
hsa-mir-19a	0.848218895004401	0.498594179639302	0.305604612019242	0.15472088865835	0.0273329784881659	1.48586466590858	1.0734928705207	1.01292596650663	-0.255455993340892
hsa-mir-19b-1	0.320489011124647	-0.0525048103321992	-0.153696988473354	-0.0556016662421903	-0.133716811665262	0.956485355791589	0.937700300069664	0.540772850204062	-0.231423691058549
hsa-mir-19b-2	0.257082467266785	-0.132189324457871	-0.242916258590876	-0.116274788381056	-0.0680251123121055	0.829534714733303	0.986669652346785	0.519257903262577	-0.211704507132814
hsa-mir-200a	2.10753741732775	0.116823842282696	-1.54770740382516	-0.365011996690916	0.401497032031402	1.76032764848954	0.25826857795773	1.20637081182493	0.828977445366427
hsa-mir-200b	1.60746026741629	-0.48973950225646	-2.07947420988222	-0.509197917989895	0.428448476601112	1.26986075960221	0.389919571057603	1.06706918355194	0.842430934698669
hsa-mir-200c	1.30191151362926	0.424013079427005	-4.72576522513193	-0.899502967485579	1.3528066605003	1.18501805136739	1.06105497277847	0.793502902412329	0.508920707398119
hsa-mir-203a	2.3727664913689	-0.682530591333857	-2.15023610715042	-1.78403851954719	-0.0129605900016753	2.39067335506192	0.188636931111264	-1.95650086595937	0.750085968028192
hsa-mir-204	-3.09527374673612	-0.807211653884525	-1.52925785842777	-1.23104242255224	1.12338056520925	2.12913542275585	-1.95499989890762	-2.04336277781188	-0.829160837012654
hsa-mir-20a	0.297716753239815	0.421804696122655	0.0958966928505897	0.596051494863819	0.242240543917848	1.09495036594995	1.01532054424179	0.561764792362935	0.0132569370422368
hsa-mir-20b	0.853901309348378	0.028340176225802	-1.20161914288448	-0.11899301711649	0.134911953844583	0.737081764387728	0.959257237700346	-1.23925935460837	-1.23430058700852
hsa-mir-21	2.04967276467838	1.28327710464193	1.9640327252833	2.7914756939963	1.59892455300641	0.721474444891792	0.337934412870673	1.57493701475325	2.02326001336603
hsa-mir-210	3.34669366314407	1.86139230119238	3.21915441222271	1.87556262547994	0.186101225087744	4.67162507250627	1.02962595200411	1.0061034887665	0.171949426780572
hsa-mir-2110	-0.490024392854799	0.105512350907079	0.00205552766672954	0.545747397384056	0.198761583542979	0.106789485855636	0.326211313105415	0.30028390240939	0.366542965809012
hsa-mir-2116	0.166861583215319	0.677581006066068	0.0496001278659132	1.22936111031642	0.247769550555326	1.6415280398843	0.179045630636838	0.782261280064466	0.94976816642893
hsa-mir-212	-0.145520590282931	0.182713186552154	-0.239056286670738	-0.699542289732274	0.70222482785028	0.886845053280053	-0.632208355529939	0.751973251750426	0.461638515352676
hsa-mir-214	0.309543752872473	0.0923237020077762	-1.64624388747509	-2.26041465961234	-1.16006944957563	0.529479190250432	-0.340005383500447	0.500015130142739	-0.871550985554952
hsa-mir-215	-1.06283855191285	-0.630521492387167	1.44017887532153	-0.893566637095596	0.610682979606541	0.458480310640475	-0.459078679283828	0.142455265269457	-0.656541813273588
hsa-mir-217	-0.809632848878543	-1.07373374303461	-2.53645753081929	-2.88961406890547	3.76999443164432	-0.710275674980014	-0.0872855022265579	0.92234364177735	1.48998344648123
hsa-mir-218-1	-0.933622635569391	-0.969643685225755	-1.35372850808459	-0.40606824364423	0.285951934792703	-1.59618067102465	-0.52370707741939	-1.06388877669812	-0.512739105497646
hsa-mir-218-2	-1.00278375412683	-0.930511772105583	-1.22229752933008	-0.439478792494126	0.231031951007769	-1.57010261373107	-0.566056600767139	-1.11779945103417	-0.535292511349684
hsa-mir-219a-1	0.412892730355867	0.326596195216184	0.230178692192278	0.982613584190015	0.320443153106324	1.35019839589419	0.304803260090753	0.134596403161846	-0.147393032025822
hsa-mir-22	-0.50181348032117	0.0106799797231349	-0.0448874328631389	0.111809996120585	-0.219035499765012	-0.411282964837452	-0.425808036142638	-0.267555132042518	0.174816977985062
hsa-mir-221	-0.213535412929016	0.407958471838135	-0.0135697534445489	0.912646437723619	1.41526037146149	-0.379864871387724	-1.32184496376782	0.791461771154521	3.4858672344426
hsa-mir-222	0.0548084286579253	0.395120242836621	0.205053871205381	1.16884357482393	1.26082755804826	0.419651204734822	-0.976753232966026	1.07585152511692	3.11323731155845
hsa-mir-223	-1.20375880429944	0.33753473097613	0.554182308595794	1.29031414654896	-0.917682839127847	-0.789884412165554	-0.0425214672001901	0.747640797253962	-0.745671841166894
hsa-mir-224	-0.785459398285534	1.79209556377698	2.54041949638438	1.61328151724493	2.7106169472216	2.93530804672749	-0.635147647893078	0.823658006772551	0.938196926926545
hsa-mir-2277	0.93314108991619	1.09365607837427	1.94960430123241	0.766710832485906	0.667461560752287	2.27848400496471	-0.0948550985105552	0.467960169393487	0.36974913298015
hsa-mir-2355	-0.110047343002891	1.45532964062781	1.30061465307018	0.76980894211404	0.0708551379793282	0.380473124419043	-0.310336092121747	0.0514708411990318	0.207305330568188
hsa-mir-23a	0.125817443473459	0.360820998547089	0.664252381275601	0.667909641885394	0.354112394162267	0.22717956845418	-0.363625655750311	-0.0855459099011611	0.252463182138053
hsa-mir-23b	-0.0854222399060808	-0.52741190635991	-0.601552069870615	-0.425348248558605	-0.143204003702813	-0.0280212615257811	-0.631656471059483	-1.25637760378081	0.757249374040374
hsa-mir-24-1	0.114520895568683	0.361506284889189	-0.212472557036673	-0.166162004596682	0.115480243593592	0.400994376569907	-0.623082424609055	0.0485048081974828	0.0766730825362985
hsa-mir-24-2	0.117675212038874	0.372610059408025	-0.163292091770427	-0.110012240297016	0.185477551717915	0.393341682885985	-0.612855926723718	0.0657135620940091	0.058104075960916
hsa-mir-25	-0.217036905585001	0.548749459462233	0.775293646804694	0.804862633834969	0.919551001134996	0.234814124570153	0.704461829137065	0.56396931030318	-0.218694341757865
hsa-mir-26a-1	-0.549770086698821	-1.20744947613268	-0.560481970090342	-0.849464793742109	-0.200610611059164	-1.07937591746307	-0.547426046478764	-0.833514615614323	-0.351058110634422
hsa-mir-26a-2	-0.553807704695861	-1.20388671084846	-0.558690590739148	-0.855694814835739	-0.19889114958447	-1.07703580196262	-0.552517142617293	-0.82086250893246	-0.355716937382684
hsa-mir-26b	-0.0982874650817353	-0.719247034776462	-0.364656649327751	-1.02299117054503	-0.499475369126133	-0.178823180485227	0.125807504763162	-0.553418673909691	-0.201629748991075
hsa-mir-27a	0.527076602164447	0.39474148641423	0.310575759699369	0.16059723246011	0.295852862461688	0.192657312884891	-0.558735608851618	0.256141082166429	0.30860896087364
hsa-mir-27b	0.0384738187516854	-0.806089256883784	-1.02675691924472	-0.940272977964109	-0.433596777099797	0.14913288376546	-0.87954481086701	-1.00450023095879	0.678363965038623
hsa-mir-28	-0.679619598864636	0.320546335072056	0.829978894764779	0.731990836239259	0.197302711675526	0.412724847576975	-0.21677972205979	-1.22574464560397	-0.607348470320082
hsa-mir-296	-0.47535325159217	0.655945247043487	0.362791459134886	0.669363903390464	0.481525995551093	2.35008396614883	-0.425000615657926	-0.242610020592082	0.0861199417512825
hsa-mir-299	-1.22476371236481	-2.15547314963791	-2.02773470921895	-1.82107836238685	-0.738801275171043	1.0905522179198	-0.80964651787372	-0.547963592535521	-0.188610035127218
hsa-mir-29a	-0.830486342664179	-1.22519188698968	-0.751380599921148	-0.467006117030274	0.0774197834761163	-1.02320500298745	-0.449852138789056	-0.155485747133377	0.46649275840558
hsa-mir-29b-1	0.767972883284722	-0.698302384726136	-0.38937942877033	-0.490320602071373	0.0149066148817721	-0.286948779869928	-0.22655004794949	-0.137235333235996	0.627826388758964
hsa-mir-29b-2	0.676371750924017	-0.725911264158646	-0.37400736583905	-0.487283484693131	0.0191014458709511	-0.374208573193045	-0.185117777421186	-0.227772626509334	0.572734902716709
hsa-mir-29c	-0.0701222402293345	-1.94163562656319	-0.625837970550442	-1.20776974814657	-0.446617323317336	-1.47027176121236	-0.184789136101	-1.29939949834102	-0.274287829408674
hsa-mir-301a	2.26982185478199	1.51799178011939	0.0580714888242473	0.455867544808083	0.525767513913385	1.65825552537601	-0.0245630001594098	0.734092102121602	0.153830155713681
hsa-mir-3065	1.55411559776054	-0.27074413755971	-1.85247761878572	-1.18911289320143	0.813905177905149	-1.41955415386869	0.318988274762601	-0.0632184166297372	1.68382847970889
hsa-mir-3074	0.884319840032154	0.692353828545007	-0.0745115608146879	0.465201108464571	1.04170386104911	0.574687347510315	1.72965422277586	0.421180357781603	-0.872666190780316
hsa-mir-30a	-0.161068140107112	-2.00276335878753	-0.946968183649293	-0.496768226240272	-0.0565690794690155	-2.67245923613838	-0.194966969113357	-1.6410564018111	-0.312548812069346
hsa-mir-30b	-0.208648335309432	-0.868431057219029	-1.68320774274219	-1.51689463852443	-0.389648865634363	-1.74097695913844	0.342209681340939	-0.27738690517881	-0.0526210291995392
hsa-mir-30c-1	-0.140339804636933	-0.57281432157642	-1.26453915878826	-0.84155730485053	-0.430604433982113	-0.894404085532679	-0.0395597241119753	-0.880258203892743	-0.237193151358349
hsa-mir-30c-2	-0.21097696192055	-0.791216798114801	-1.31789154544099	-0.873384113662091	-0.470121691082984	-1.18385717914254	-0.0761786461812621	-1.0373883377518	-0.261743084282934
hsa-mir-30d	-0.176789063247833	-0.620815520936933	-0.53069440813288	0.0492432639598685	0.952026293740622	-1.8736429634782	0.29807057954424	-0.740077494456228	0.264054248068055
hsa-mir-30e	-0.122038042821695	-1.28740431004381	-0.292368246894422	-0.103563974620108	-0.400017009996115	-0.173448342410431	-0.263872838188244	-0.789275152256678	-0.0876802828302497
hsa-mir-31	0.119601252412898	2.04440102924717	-0.780794517023559	2.04868722785418	1.65809853279383	5.23521989657851	-0.576079638955213	0.732338402995594	2.56468690370558
hsa-mir-3127	1.05864562584198	0.711691165143815	0.672194226244029	1.3911899616085	1.21006515663123	1.37187824042277	-0.2673058152279	1.2033101982956	-0.28553649967406
hsa-mir-3130-1	0.127728225560778	-0.0603479861347479	1.37595904712231	0.853096499089908	0.227890151638676	0.61988043467059	0.0845511454896264	0.253780048229353	-0.545464158117316
hsa-mir-3130-2	0.0831473789647284	-0.0363495202552537	1.37271002014455	1.31079895961024	0.254232438428996	0.528296703128144	-0.0763722566875529	0.100488207231411	-0.510982008191102
hsa-mir-3157	-1.00096724816901	-0.245120289061443	-0.116914049034808	0.261010834862914	0.00961070347059254	0.615625220103844	0.179440018012779	0.0641070986140031	-0.476910852531225
hsa-mir-3199-2	-1.7957295123404	-0.558818768321266	-0.867907987161254	-1.15283244108768	-0.521039027455303	0.181730549593141	-0.201546423685669	-0.883324376158116	-0.683626810468779
hsa-mir-32	1.31282049690524	-0.370335639323685	-0.0550540611051407	-0.092545390460347	0.626921356382826	-0.256304159130343	0.641022601811934	0.813979104459866	0.0574069969115049
hsa-mir-3200	1.65885228662776	0.96667173055447	-0.93268850021219	0.513512907526742	1.78035463910886	2.56410719123017	0.0816374991862895	1.41294629567613	0.427892965943503
hsa-mir-320a	-0.447328421324588	0.515769696069306	0.117817227641948	0.208059645857594	0.773119906272856	0.139341198577271	7.20612458772772e-05	-0.178605011821577	-0.00913069639441286
hsa-mir-320b-1	0.365786716717126	1.06149991680124	0.157253607774718	0.119779832532648	0.510640667032374	1.50927807325366	0.21495413794061	1.25427478949631	-0.312630995589928
hsa-mir-320b-2	0.559201554318994	1.16457637009322	0.270319177646627	-0.148455617218477	0.766990184221973	1.71640397313331	0.184006442623845	0.906780765298023	-0.24131391365626
hsa-mir-323a	-0.752831821780459	0.315627001436678	-2.17201090045848	-3.21618687072363	-0.265064490029061	3.25330891761307	-0.831433141993994	0.0108951941039437	0.334287054806324
hsa-mir-323b	0.587429802211107	1.01156800174234	-2.16332207286823	-2.65964308829936	0.582218748690329	3.72576065996354	-2.04110184888077	0.509185060142447	1.02170864815869
hsa-mir-324	0.613543160103681	0.92955944039583	-0.611654670990184	0.230778131962075	0.62670135451275	1.20176065880804	-0.0368594792168428	0.151487423270802	0.236891606711902
hsa-mir-326	-0.894733618998115	-0.0695379504890789	0.0818521339449357	0.224304346204727	-0.238042815527902	-1.25910260127088	-0.414434453538409	-0.669052586320476	-0.418836405215916
hsa-mir-328	-0.517918599266168	-0.198210794521313	-0.0062457005854362	0.577241386172949	0.203568404534875	0.623291002111976	0.0907008640287652	-0.967524232976227	0.173907281496629
hsa-mir-330	0.79069204144195	0.751713039739296	1.14713074136436	0.682399052867787	1.17098202076945	0.346015491819018	-0.668153855552716	0.343210544340953	0.0952837443697137
hsa-mir-331	1.33354032940938	0.790496051611779	0.522673602929089	0.624394845763474	0.39770930628456	1.23411680909269	-0.0478885412103079	0.500487228641617	0.229143115610291
hsa-mir-335	-2.00431557073109	0.367592846449382	-1.2499973963182	0.239682509690899	-0.165457284085725	0.679329832353544	0.120461520850313	0.958959850327753	0.488656806823883
hsa-mir-337	-1.63929582283488	-1.59289255785213	-1.3916159926343	-1.64932216748739	-0.776375202830369	1.29033583774572	-0.17709222470824	-0.593850412222998	-0.640120858869293
hsa-mir-338	0.0548516629177637	-1.30498539373931	0.334010427432248	-1.71679578726402	0.848865949257526	-1.94405987904897	-0.685734446206488	-0.748980536381651	0.249294310174835
hsa-mir-339	0.125919482849759	0.367013154897694	0.205765736654053	0.161782533022602	0.468697720499041	0.591657417794446	0.181505943674589	-0.0159028890686709	-0.335811037383987
hsa-mir-33a	1.68821692289428	0.160667414613336	-1.85304399082294	-2.31334966971873	-0.0765366626386764	2.04415820703767	0.0110529264124865	-0.0454372897135307	0.265842791516757
hsa-mir-33b	2.90471385298219	-0.0992817947261031	0.847093399185423	0.226760453071653	-0.943009408757802	2.79381953785088	-0.202561889211537	0.659750429649462	1.12916960672592
hsa-mir-340	0.894417393761924	-0.412357045970752	0.935260495065022	0.944944956380557	0.148611719311804	0.00636652869681999	-0.0867099608878642	-0.265287794708924	0.320132018349139
hsa-mir-342	1.88944299184477	0.331773600331213	1.16206223895038	0.538503856284288	-0.225842870596171	-0.12213531169024	0.407472309088762	0.396789821844783	-0.718608589776244
hsa-mir-345	1.2182709390322	0.367943166582721	-0.950019996341918	-0.645635617434902	0.0619817648693175	2.47495715886796	0.229519750167075	0.445499876641004	-0.298717234352846
hsa-mir-34a	0.17676517827736	-0.316966522350623	0.77719252852716	1.2349666537542	1.30758750927376	-0.447402333036242	-0.227344225971195	0.194684507670763	2.25705916064085
hsa-mir-34c	0.341980160975278	-0.7672471640445	1.15425334726907	1.49909825564527	3.70339521902368	-1.3218095480332	-0.359826688902381	0.709719550231466	-0.082761170014878
hsa-mir-3605	0.307609631339124	0.550396925502452	0.225362594447078	0.190768053342002	-0.0838211999457128	1.25224847131765	-0.00811490540948938	-0.159421763787544	0.48792632394779
hsa-mir-3607	0.904282108922504	-0.716109139864051	0.00679593971300122	0.33461032884865	-0.959123158600296	1.27600884471793	1.07110843332848	0.241353576112381	-0.679889495849781
hsa-mir-361	-0.148256531936296	0.101641890111323	-0.0279843090486811	0.291680251214269	0.541753668900181	-0.222931414483778	0.0137544381549122	-0.167181592587087	0.0405618912634467
hsa-mir-3613	0.953724686422275	0.152995588025052	1.35441195048411	0.810749547508123	0.578319072417296	0.280344223590143	0.357355101131981	0.966814317133682	0.721047618394584
hsa-mir-3614	1.35063908205622	0.876151224133819	1.26779220647627	1.32254364443248	-0.861642522126342	-0.66224399515485	0.933698609628522	0.529345899986783	-0.118830319938899
hsa-mir-3615	0.393503231447763	0.614537697280861	1.23648083520467	0.594661536488638	0.709480379845495	0.806597702134395	-0.182183226799163	0.209017916738592	-0.361819138530507
hsa-mir-362	-0.135716214444098	-0.642460986278602	-3.14224801207605	-2.13994406062914	0.553124864382421	-0.461412360042215	0.202610846802163	0.828639959683222	0.406806497494745
hsa-mir-363	-0.140445550215467	-0.721739331228415	-2.15124623511637	-0.857618299197769	-0.0214787109739501	0.0371161747216204	0.538940856680157	-1.26309944647384	-1.63907974158327
hsa-mir-3653	0.485563859297075	0.0770339891158864	-0.0441019569034078	-0.318696552127134	-0.869065633624235	1.27739156424921	1.58287168239511	0.58308916844283	-0.618737081267668
hsa-mir-365a	-1.24779049874115	0.105309101908512	0.471278218903492	0.865139297208214	0.537244683856804	1.12324399822933	-0.208617679923862	-1.44858232294826	-0.78295774712643
hsa-mir-365b	-1.25613825601959	0.0784398822028986	0.480171841747778	0.869629903231855	0.53516170566503	1.11581155814538	-0.208622939299175	-1.44798131416485	-0.784642907112035
hsa-mir-3677	2.29405924118781	1.22843139444931	0.9217770126627	1.23498224219136	2.12331781545788	1.67390606030243	-0.383811087011187	1.10937418373832	0.159095674935917
hsa-mir-369	-0.604552099639456	-1.31931715105785	-1.97375849207912	-2.0313266955744	-0.896087704131823	1.0034785756077	-0.573202954091995	0.0185870725985095	-0.272845498114997
hsa-mir-370	-0.886729855404422	-0.612309535901677	-1.19608485704185	-1.12247471576467	-0.410006319555068	1.61152837505924	-0.699695079809861	-0.222835496597168	-0.189057486315542
hsa-mir-374a	0.103518945136032	-0.63936232038008	0.68097705877304	0.658716239818496	0.349775816400044	-0.391298622605481	-0.269402299217649	-0.421723258671039	0.0842128947955685
hsa-mir-374b	-0.416583675505513	-0.649391121877382	-0.344087112432406	-0.0940257511252977	0.186787934425949	-0.679672336958503	-0.24904487013289	-0.340698240297908	-0.322002596767034
hsa-mir-375	2.22750493603138	-4.16027851534976	-0.644167388503386	-1.24696757574845	0.632866064017165	0.47679138795408	1.49761454157998	0.112136912891432	2.8731776955385
hsa-mir-376a-1	-0.621987191999909	-1.33635199721981	-2.4806744624168	-2.23199843238529	-0.704509080430238	1.41906345648599	-0.80701434849349	0.132729241306656	-0.256127002040499
hsa-mir-376c	-1.26688076940631	-1.87504793267399	-2.09188412107043	-2.19353248198817	-0.937922569019334	0.446880882643388	-0.680333891232181	-0.0654675015054147	-0.240369480703013
hsa-mir-377	-1.26275040617254	-1.42719407451485	-1.7898751276166	-2.59644066331568	-0.425903456626787	0.757059823355923	-0.526022263090357	0.0603315095406154	0.0222274096991844
hsa-mir-378a	-2.41215449081885	-1.6563845617825	-0.243670970990124	-0.559782927047362	-0.664046655753713	0.443333905070738	-0.794061702922223	-1.08963828520618	0.216574324181592
hsa-mir-378c	-1.92239664240306	-2.22920820374969	0.526240322491126	-0.602099938961158	-0.95871804602112	-0.166822967455144	-1.09073931305897	-1.18130419662801	0.156848125466236
hsa-mir-379	-1.23716791439056	-1.43324787292163	-1.14531401404361	-1.41271361719317	-0.512906772276465	0.967751335081508	-0.862959869443103	-0.585980135983064	-0.669905205337855
hsa-mir-381	-1.55985198640125	-2.58407871506552	-1.12183382689165	-1.16967309459549	-0.581454257270847	0.633173000509905	-0.95929563672372	-1.13031780916219	-0.45764166059119
hsa-mir-382	-0.454614453096313	-0.302904831998038	-0.777852904180558	-1.0332471054359	-0.122772372178991	0.987028669092804	-0.573865640266022	0.31639833547091	0.016909295430149
hsa-mir-3912	0.2326147250851	-0.49958700781599	0.942074297848827	0.643238116436909	0.435883998925634	-0.981495502704058	-0.215844414009187	-0.842210793280286	-0.489826720665092
hsa-mir-3913-1	0.631198874755514	0.906931141314497	-0.316894806941993	0.581854929538758	0.310923393728767	0.0949933751585771	-0.12150044833491	0.510214386897953	0.591963859778961
hsa-mir-3913-2	0.650848866899186	0.951132095568075	-0.394362803869439	0.667512946793161	0.42577284840762	0.0635901320902038	0.0138005149056821	0.29716372372486	0.48287784714179
hsa-mir-3917	0.693260328967169	0.983748000944767	-0.114338432816554	-0.543787898909715	0.500355121174584	1.26858534581248	-0.444040054470862	-0.15074487168481	-0.263090323290446
hsa-mir-3928	1.09088260466972	1.1176356129609	0.510766971664967	0.10579551586566	1.14993269347728	2.3073740697528	0.173851695754572	0.287602882176899	-0.078716938305041
hsa-mir-3934	0.79727063590162	1.34510014834695	1.04340333030389	1.79603799191549	0.595009144551089	0.430623305582576	-0.191026363724134	0.92647323336015	0.567998548192231
hsa-mir-409	-0.374580859085913	0.0925335618845208	-1.16216627115956	-1.39947327446504	0.134873616428496	1.73533337886462	-0.211169319318923	0.401547296134191	0.14108169982873
hsa-mir-410	-0.994496421776861	-1.59688763186808	-1.18768019230813	-1.33219348176834	0.535893791199336	0.875245973519449	-0.697327641893549	-0.3157603903058	0.100663764415912
hsa-mir-411	-1.09220353839673	-2.06667898606029	-1.64597739381124	-1.85115602376614	-1.00492396659342	0.983668305882105	-0.804259705163192	-0.625483593904644	-0.59178560920385
hsa-mir-412	-0.565180347778842	-0.434889632577926	-0.834741571727386	-1.76559847935329	0.244753024737056	0.927192712449488	-1.04712152978212	0.383050821575999	0.596726697250136
hsa-mir-421	0.796072100982535	1.37349504683122	-0.0172421064297229	0.771046864761896	1.50861222208713	1.48819004448443	-0.0818313318557362	0.968149825001534	0.398959787219814
hsa-mir-423	0.546534789689573	0.681632556944938	0.152231635501668	0.750796143617869	0.545340642572242	0.964413084406421	0.426634674865167	0.166153280518321	0.358052116445085
hsa-mir-424	0.377059566494528	1.18160966148666	0.554709949401122	-1.03311498523626	-1.75524432563909	1.08057151648605	-0.740711796080526	0.584116436942404	1.10720414711509
hsa-mir-425	0.98283852358963	0.70660854669469	-0.493253526851741	0.662673965428573	0.776360970445984	0.385913995953545	0.661952620124149	0.895877719644681	-0.587963482135374
hsa-mir-429	2.52871355843729	-0.324429491193365	-2.57890836491303	-1.01012412916912	0.339539655094158	1.39243421673646	-0.00959175753852139	0.767235212802626	0.7242703478181
hsa-mir-431	-0.924267507716874	-0.874836505275502	-1.0533753390854	-1.54652401850879	0.66281548012543	1.59433652647607	-0.741379120177631	0.135593175574643	0.11838385826202
hsa-mir-432	-1.28474839652517	-0.904144929377792	-0.821183140208386	-1.4327118503462	0.212873595873714	1.33385269744214	-0.70158446872519	-0.361961936773072	0.0694119517813205
hsa-mir-4326	1.64404226326956	1.82955652730342	-0.022205353918366	0.82148093473036	0.895207874200365	1.63389132320221	0.389482050552146	1.4150648284081	0.0291845185936204
hsa-mir-4444-2	1.32186464558267	0.260325651520193	0.358157815576678	0.161535747916928	0.143450216573789	1.14322233690339	-0.106168681266425	-0.484559162131398	0.322972832322085
hsa-mir-450a-1	0.279075345245476	1.27986002555985	0.0204468131236999	-0.914596009262754	-1.37456088101867	0.682220666064522	-0.67027899294636	0.682685233644165	0.731556461680134
hsa-mir-450a-2	0.267094831868966	1.29869175516147	0.0832698523880168	-1.04497480659069	-1.34590360120825	0.904756417648584	-0.634133245127474	0.450077752519254	0.683227142799107
hsa-mir-450b	0.483065898065187	1.1105462685605	0.684214859986396	-0.0425304443001183	-1.38483392535626	1.18431435377553	-1.04274822532934	0.712114608209095	0.902548649959554
hsa-mir-451a	-3.74951906372044	-1.47407598205749	1.05726301186636	0.823701961018404	-1.09720486557617	-2.91655026827825	-1.07326439087155	-1.56752650002186	-1.98097532742215
hsa-mir-452	-1.79596321091736	0.756971226845272	2.02171769121464	0.982989898003444	2.38570091184948	1.44453362976703	-0.853043089140333	0.19599426272565	0.403052555581594
hsa-mir-4521	-0.397834897902091	-0.845549532050806	0.84198169114369	-0.309033652400043	-0.700945499856986	-0.439966122744232	0.415270036274099	-0.605198337092897	-0.908665464545746
hsa-mir-454	1.64424109230477	0.843855329079545	0.600396890813862	0.522402473823054	0.497180515600762	0.810264489806984	0.234474485140983	0.512495093011603	-0.169162397013436
hsa-mir-455	1.25127962777991	1.91144440902798	0.490193567576836	0.239406967418865	-0.516029073789227	2.2451617600891	-0.212499394559089	0.359082792672928	-0.415093665273268
hsa-mir-4661	0.68295016127451	0.862625620418879	0.602382254866255	1.09421866454532	2.09575763082347	1.82120092858585	0.543620957830773	1.2234545007215	0.452841281846339
hsa-mir-4662a	0.150107467618555	0.389670736573187	-1.47189057378679	-1.32970070736969	-0.0511234825577742	0.753464637276376	-0.705038654124588	-0.292154318760221	-0.291770445696158
hsa-mir-4668	1.62584628276	0.270402880336193	0.134229545513316	1.33059414215892	-0.560188913447193	1.6770075248784	0.959715420610637	0.318936381729149	0.526995268121764
hsa-mir-4677	1.20102019617075	0.431684861864567	1.07331234544308	1.2793614489173	0.555511610135114	0.58709299896471	0.298686497641085	0.854117865528851	0.221502458580391
hsa-mir-4686	0.0240691508892678	0.257526930726537	-0.0984202374300279	0.640397269864359	-3.54588941166315	0.903585456116024	0	0	0.617505069868778
hsa-mir-4709	-0.125768760405068	-0.208662140643595	-0.036481437450472	0.618317450161568	0.205592192976733	-1.33486074065087	-0.125303513223975	1.00459252713078	3.06998087979529
hsa-mir-4728	2.17613083492371	0.116263694137699	-0.66473317074662	0.282781871078519	0.89196614657601	0.637094557126415	-0.875246353041112	2.63614975807666	0.591821264130552
hsa-mir-4746	1.5344909088969	1.63945261691294	1.34664143659838	1.83130632167274	2.36162751847387	2.25736112311734	0.608470188157757	1.20124145258492	0.71309971709748
hsa-mir-4772	0.181778588516277	0.380868448592405	2.09747481888247	1.18006249692365	-0.670175246619131	-0.648487188385018	0.225013626048314	0.449221038409194	-0.290560380249629
hsa-mir-483	-1.59385086010508	0.724607896039512	-0.317176341335986	-2.40085427572013	0.979215444253501	1.7857119439813	-0.179018121140288	2.66803756416076	-0.657234906427504
hsa-mir-484	0.675249235988772	0.514771297840574	0.55042426738718	0.254456072081267	0.459039223787552	0.34506530892446	0.400118847570472	0.0987663637332137	-0.400061283694367
hsa-mir-485	-0.856172071143522	0.229073441830102	-1.71584692105462	-2.38620899227639	0.0205502433492863	2.10724978056782	-0.573697457928937	0.277375007499305	0.0456547990387485
hsa-mir-486-1	-4.87077678693267	-2.02696801344501	1.00504520874876	1.04323693134158	-0.929169421488406	-2.51511026950151	-0.811096643471088	-1.99167014679993	-2.02539717924759
hsa-mir-486-2	-4.84834499693744	-2.02015871041047	1.04093944462547	1.0265479346618	-0.951160928004872	-2.49900790014359	-0.787566417606344	-2.03555687875039	-2.04184182357196
hsa-mir-487b	-0.912281755169192	-1.23596457814877	-1.63338799873264	-1.76369854102939	-0.168039202106762	0.962754524462903	-0.813139465027095	-0.296198208582487	0.0115939025487383
hsa-mir-491	-0.568373292278301	-0.625242061775138	0.0518244855407843	0.644970804364673	0.239130043101024	0.248756165999212	0.48368103476222	-0.748433527485405	0.0284291094559228
hsa-mir-493	1.38606485027648	-0.670489966844768	-1.18709029405541	-1.35374852101219	0.362469419761864	1.16169911722683	-0.669667770364859	0.578213985173335	0.523456757822626
hsa-mir-495	-1.48208597404257	-1.71462139836177	-1.33961162343432	-1.51243823133548	-0.383246390321538	0.738108617488729	-0.416324679740726	-0.372793801006309	-0.0391990958976339
hsa-mir-496	-0.60835059252441	-0.724812605583689	-1.68294567807916	-1.49269190945569	0.0274972576332865	0.927625613863381	-0.903755548009047	0.313628020189012	0.318180378509102
hsa-mir-497	-1.15559387983746	-1.01897507727588	0.229538003196515	-1.76138812616903	-0.607289772693396	-1.12409485458052	0.163191502000641	-0.747366940246617	-0.660300482974811
hsa-mir-4999	-0.0894337916556913	-0.393515160384886	1.21912724507604	0.37258838840086	-0.0201919036619163	-0.469809815409211	-0.70540472574399	-0.742491988529781	0.193163026497671
hsa-mir-5000	-0.194581613466173	-0.469765546797098	0.794688343875837	0.277656605283467	0.138014560611514	-0.585045416195712	-0.182901651352845	0.343515869051174	-0.47539097423853
hsa-mir-500a	0.0999836596665458	0.0158234328666056	-1.87625288674504	-0.776946032653354	1.06356000471852	-0.0623212140189241	0.398381868627387	0.970310415445698	0.0260394502727983
hsa-mir-500b	0.377932934455873	0.185585078435094	-1.67801803581483	-1.08670543910073	0.696992460644934	-0.029495023725204	0.00424477034524316	0.961812913794761	-0.276642588746636
hsa-mir-501	0.287920710797772	0.456930605130279	-1.51169917736949	-0.581007476383731	0.953330484643048	0.401002394923539	0.324574699565664	1.40166875472758	0.128153114089564
hsa-mir-5010	-0.682506604363689	0.502871325736716	-0.0510050777583164	0.793253365149439	0.72009364278085	0.0987108882037577	-0.06657896062555	-0.259439038958415	0.795833198360021
hsa-mir-502	0.142785752079849	-0.253256305472626	-1.42833469920995	-0.893808948392437	0.791029788397359	-0.501962310881295	-0.12514440862946	0.787518149388552	-0.349335937239488
hsa-mir-503	1.2214136602175	2.47583334928392	0.908316926940646	-0.345674462011656	-0.645934688075903	1.8426643878577	0.114186981438829	1.15149532102437	1.5789052671716
hsa-mir-504	-0.419361354906029	-0.447773869091632	-0.907154735302903	-0.811535616289275	1.31526366514782	-0.806553492716335	0.00562350313540048	-1.07564629593363	-0.448862545089551
hsa-mir-505	-0.213126352132248	0.800411505863891	-0.249764249922672	-0.200479718040364	-0.641394737098781	1.01696437680354	-0.528127211596164	0.41241025412968	-0.00973120711571624
hsa-mir-508	0.300609491466296	2.56471466365726	-4.68239901876358	-2.82194846408308	0.987207578452568	0.947480201926617	-1.18003471344935	1.48983200561382	2.22189030046454
hsa-mir-511	-1.78633186500795	0.651362039026509	-0.212300606836383	-0.837876021870183	-1.027231630402	-1.26689709415454	0.0349794161120149	0.529721790136047	0.754715731004909
hsa-mir-5187	-0.418835473114703	-0.329467098264652	-0.0913447826083497	0.405156513557355	1.73978513033327	0.0991481927108392	-0.696322056589324	-0.774443945093214	0.12236998705106
hsa-mir-532	0.0551966676187374	-0.127844952145778	-1.482095225487	-0.380021013967136	1.03489971162244	-0.297110820377712	0.18754456763728	0.735397330977351	-0.204579491000479
hsa-mir-539	-0.649707287979945	-1.33293257826061	-1.66042103952366	-1.93082490018771	0.177285388521933	2.2288259976078	-0.674715789468533	-0.338170432032901	0.608312278518151
hsa-mir-542	0.135994189701692	0.640910814727329	0.306538787825162	-0.322174773026055	-0.931975459343024	0.0158189006503134	-1.12441669350048	0.610902525206208	0.677002443043382
hsa-mir-543	-0.845748801959628	-0.364461469970307	-1.49448227118168	-1.47078158826631	-0.385473625273761	1.54710438047931	-0.659666839710429	0.307250320302549	-0.329840605706482
hsa-mir-548b	-0.145470879668559	-1.37005188386924	-0.896737300997038	-1.47810539856474	0.525491566967625	-1.27947581733385	-0.226668324030929	0.413031314165508	-0.484822944393357
hsa-mir-548v	0.465170301511055	0.292602487509036	-0.541412496181204	-0.227830534848559	0.0883547234714895	1.34059408456303	0.315419499830036	1.12251223785227	1.22364314393415
hsa-mir-550a-1	0.130635872243344	1.33147399714086	0.844249089191545	0.795802797857022	0.726425492928103	1.14614296370667	0.193934783169558	0.864112561488998	-0.208377472614457
hsa-mir-550a-2	0.141394725544237	1.14268503907244	0.762070976221228	0.987370674517617	0.71803864604725	1.08488361117671	0.13344034786136	1.07853179348972	-0.234980217805656
hsa-mir-550a-3	-0.24411394558487	1.18654097996712	0.991182013813041	1.24065388748035	0.603823249562231	0.408495844076792	0.778466096478673	0.837798596343348	-0.320477129853067
hsa-mir-551b	-1.88404845146431	-0.217866515839948	0.0596338655300525	1.36073088101664	1.62870854879995	0.905704073827673	-0.723970029957057	-1.76891642831434	4.76678256332322
hsa-mir-5586	1.16731775061023	-0.195610015333058	1.54329335219772	1.5554396583664	0.973986597089168	-0.821480902316959	1.07101597731879	1.23775098436678	0.190911272009895
hsa-mir-5683	-2.91008742275145	-1.41013293599295	0.879021526908493	0.203970775769253	2.02828013297033	0.574899222255804	0.227795286887023	-3.13479284412017	0.163399751760382
hsa-mir-5699	0.917990798838259	0.626082429614068	0.917654612631853	0.753388141831687	0.202485697575648	1.41209715045342	-0.00273370574303678	0.37301251117773	-0.386303155834316
hsa-mir-574	-0.271467369196365	-0.0866646751274659	0.00569493564669416	-0.335166770876935	-0.284086312105793	0.380014492587018	0.228708238127444	-0.459694115010345	-0.359832519984908
hsa-mir-576	0.38454949182017	0.414932430857154	1.03437164439366	0.555384682512115	-0.421392654069175	1.00142282134651	0.449746256276843	0.458525357642534	-0.223553182463726
hsa-mir-582	0.671700298446253	-0.307981783967087	0.539906492198028	0.194504327459355	0.175516194328291	0.277861795054479	0.176823775758583	-0.114469288494987	-0.13800868844872
hsa-mir-584	-1.49484576909414	1.21313828222987	1.69850831164065	2.45715682110168	0.531566479294781	1.12805042746034	0.162707613169137	1.2608779108007	-0.411594956336021
hsa-mir-589	0.401725083431801	0.672346831543331	0.149652045217984	1.22445464080114	1.35332234158364	0.510807853959838	0.158427042142603	0.709326508935595	0.217080593198986
hsa-mir-590	1.15355600805164	0.288860361527654	0.721913066483848	0.421118064156549	-0.139460378691105	0.976715797444428	0.275415611576609	0.644617615638946	0.195493509567045
hsa-mir-598	0.357006562510639	-0.0732843486300212	-0.174748235857557	0.185544805140455	0.10981683021137	-0.761665058017452	0.0770479839162544	0.644407845734866	0.384587071496407
hsa-mir-616	0.598358195848408	0.492448536289599	1.22908537219736	1.96696003423258	-0.0948567762522488	2.17434253294221	0.917176970603231	0.155886457031368	0.431523016850334
hsa-mir-624	-0.364168079222458	-0.348321323457326	0.488765742910321	0.693369587147441	-0.266795672130658	-0.246353931838289	-0.101158079990228	0.20846234456888	-0.658614152467526
hsa-mir-625	0.407626680069013	-0.237088881217766	1.07548491014294	1.73607501793788	0.620429508473871	0.978594302442173	-0.155806187421332	0.0293805785558613	0.0703905657697447
hsa-mir-627	-0.204875680939841	0.0509675984165291	-0.809767367634234	-0.652234673864241	-0.948967328953376	1.07167585869055	0.450779444254988	0.356890773746413	0.0179150305303693
hsa-mir-628	0.897949411596783	-0.808366311566897	0.200554189730355	0.348268438596297	-0.126052384954084	0.851918075387792	-0.44541048438847	-0.362354515070384	-0.137434880745259
hsa-mir-629	0.65836667280867	0.336627937954151	1.43389056927144	0.717052273395299	0.451062255331411	1.30964960272456	0.569643802768015	0.181779837123581	0.489083415630799
hsa-mir-642a	0.355196289473387	0.340889817493361	0.184105401397424	1.01205575898722	0.401949090790098	1.15526995304183	0.358263421113727	-0.19068705566194	-0.172723801734367
hsa-mir-643	0.90017904839798	0.0103647499738392	1.07795792872775	0.957583927105835	0.919280133301173	0.742858177071425	0.074768673597519	0.83493346834981	-0.101063641297316
hsa-mir-6509	0.259185744035616	0.493403211909553	1.82684125532088	1.45139903439868	0.191470871064956	1.0563444520413	0.359028277760494	-0.433805891919418	0.180271854072031
hsa-mir-651	0.772259419694197	0.414723635715471	-0.00024392867240228	0.883330629822822	0.145954883338604	1.81433898958364	0.479471482211375	0.681456015648097	-0.147022275593583
hsa-mir-6511b-1	-0.579807897549754	0.233783713654645	0.11177038913887	0.323297105422789	0.182461660941774	0.511088731741567	-0.234936333832795	-0.840407627598366	-0.0657369046985971
hsa-mir-6511b-2	-0.543455264367394	0.208004890275997	0.377170370684201	0.324468998283695	0.178623528821309	0.485541815623544	0.336023201004677	-0.77919299553386	-0.0627090108161848
hsa-mir-652	0.0878490562800859	0.440567249132371	-0.332386621264901	0.0729094035757131	0.812971010676406	-0.449719538022168	-1.09272454672992	0.96548107824628	-1.01782090492253
hsa-mir-653	0.25334557793478	-1.12517891644781	1.50135970141009	-0.517438626751142	0.305923952739756	0.0458665507736174	0.197707314619467	1.99488753266417	0.13654351262059
hsa-mir-654	-1.16114525645196	-1.36576761813915	-1.54561854643331	-1.56139985226173	-0.662230673614042	1.2059313640424	-0.693712896999373	-0.389742790562571	-0.349691562382705
hsa-mir-659	1.05332170321644	-0.161807616580945	0.547093154778493	0.510525022739302	0.2521730910456	0.511294691991669	-0.215071767788036	-0.114305156852551	0.679619954202842
hsa-mir-660	0.297998739741856	-0.407571153055871	-1.88216454780688	-0.996610283213335	0.632811853121912	-0.732886826022282	0.23640977452325	0.664727808591448	-0.343801680469164
hsa-mir-664a	0.130774059983966	-0.415082765789046	-0.233458161230593	0.0201631560403258	0.573097519086159	-0.338762629471962	0.0709724122742133	-0.493540470929221	-0.0255341786058736
hsa-mir-664b	-0.179415055749875	-0.190112876905147	0.271013317623293	0.452704430552812	0.0181710272495236	-0.254371964486345	-0.0469911193273409	-0.51434710136726	0.346820424752331
hsa-mir-671	1.07477312229928	1.0388124905121	0.27346975296101	1.24255854223912	0.675550109439588	1.57285709045055	0.430573762512243	0.530952109494338	0.509309807361259
hsa-mir-6718	0.913903922709767	0.534002183369698	1.07766410040515	4.181311235721	2.57058165706121	-0.552591243003186	-2.86128816639424	2.13304989356433	1.22401476299729
hsa-mir-6733	0.143281317986341	-0.3905047616965	0.212288484619103	0.754651472989002	0.42347785862813	0.300732530785831	-0.107001342020625	0.479116038274445	0.619065090971921
hsa-mir-675	-1.05995184740956	0.523324378110732	-1.18825444638165	-3.15131699395477	-0.749093573573647	4.5949260326658	-1.19930272252771	1.2751026525908	-1.57311133443775
hsa-mir-6755	0.17414845173791	0.321198676215008	0.148687998037079	0.172749609415208	0.882862947373681	0.144356300852394	0.170570072591786	0.977677040061593	0.0414151891889236
hsa-mir-676	-1.07031941956859	-1.17073452355906	0.293169194787447	-0.158525929208503	0.521289408786943	-0.097844238011649	-0.843652652610988	0.657140535196	0.0474172479045272
hsa-mir-6761	-0.558115953937613	-0.456023047648227	-0.240668445458166	0.168950893194746	-0.0238630347414873	-0.352488402013527	-0.954543022657784	-0.640407803282441	-0.27091207364784
hsa-mir-6806	0.0305738996142871	-0.789123955504706	-0.092975153432262	0.284971688913574	0.489983941971965	-0.459996249080946	-0.209051011064969	-0.334355287183889	-0.463814808654418
hsa-mir-6837	-0.179151350123678	0.206793081882447	-0.0794993558899742	0.578144013918155	-0.0690208304764782	-0.0726135081534101	-0.252006973161242	0.0832741121468579	-0.0783349357302863
hsa-mir-6842	0.732991685879001	0.823244805622632	-0.138686828441672	0.260177202794351	0.196929086861513	0.44485646845619	-0.798525811382333	0.568694260458302	1.2630328204664
hsa-mir-6892	-1.13319477002468	0.601889276498132	0.517849065802014	1.63410730673928	0.430844689871932	-0.909950238066861	-0.286289344824343	-0.0907508579156888	0.734798554710892
hsa-mir-7-1	1.23655959833161	0.664810452938173	0.605345005430193	0.156519024688358	0.113620889357413	1.49907862697884	0.811345961839982	0.717983737214946	0.187608569095104
hsa-mir-708	0.743000452834463	1.12096780757291	0.623748592593405	0.261727794052116	0.686884330902941	3.0857074072666	0.964437689900638	0.791217152649422	-0.530393867077688
hsa-mir-744	0.442303929748793	0.738402174826955	-0.40502978780304	0.696359734247681	-0.0768045463558737	1.65291925476269	0.427236192465638	0.159952841912331	0.795848348834834
hsa-mir-758	-0.956557160520236	-0.520125725549745	-1.4553137899902	-1.42802302197047	-0.750640099430121	1.45900249251716	-0.64537257291094	-0.0216072294282467	-0.203748938099535
hsa-mir-760	2.67265539574878	1.51683911490155	2.06224002485095	2.14601819679109	2.27693644628506	3.12220641132531	-1.08233659160541	1.02796880287978	0.225330057737928
hsa-mir-766	0.868902606497207	0.889098782742977	-0.222754527395744	-0.0784734225792408	0.727843651260357	0.956973755576618	0.172340094522349	-0.367156335880108	-0.0561243169153838
hsa-mir-769	0.828061397089962	0.442522582062065	0.117336315103282	0.542595955363753	0.776142162415824	1.27390878213933	0.288969133186194	0.448889552205936	0.230628356772718
hsa-mir-7706	1.73048261438753	1.20292931637557	0.945288995540369	1.22348745418158	1.55050659981845	1.76121170979572	0.079546107474726	0.639655392035475	0.492829374550417
hsa-mir-874	0.00505945274956144	0.0104766064024928	-1.76057106092378	-1.24094909653001	-0.469296468480922	0.672358236266883	0.0355247448289344	-0.09835327163412	0.119932588420506
hsa-mir-877	1.72426406136198	2.07673067788437	-0.138759971270231	0.0923244089894189	1.29246584536862	2.49642728948156	-0.044338429457011	1.80401517978653	0.554787735335357
hsa-mir-887	0.881124211267614	-0.821647561443813	-0.14261473848786	-1.00628422962234	0.375181975542738	0.960048599983682	-0.200603047005194	-0.245009853829007	-0.397849060155216
hsa-mir-889	-0.857138255573501	-0.923129946016461	-1.5110705083448	-1.51019577937279	-0.124235636614747	1.41120395210939	-1.17255881153246	-0.195293107436658	-0.0499625291885915
hsa-mir-9-1	2.52452610755447	2.3933418978067	-0.992203761928145	-0.729847312296612	4.40569077641923	4.84098557982117	-0.304240999955616	-0.635590038868649	-0.849923333798081
hsa-mir-9-2	2.51958671622837	2.3950832197191	-0.992116087976552	-0.747295035461351	4.36725815461304	4.84539210177267	-0.316731786895349	-0.633249662756398	-0.882971857598723
hsa-mir-9-3	2.5186842737686	2.37954151307896	-0.98539351679884	-0.738709235480478	4.38960504300163	4.85808492116057	-0.331524779976134	-0.630748653151664	-0.868853801112661
hsa-mir-92a-1	-0.368236599683096	0.616348731263913	-0.19283974290395	0.3002386916301	0.230090781443126	1.28095823179362	0.894262311007329	0.348101060024591	0.197429219145374
hsa-mir-92a-2	-0.38961704290136	0.632680834670149	-0.203278763993004	0.287491920670759	0.226846788519828	1.3079626287236	0.806613808755923	0.338322953317686	0.186425861760007
hsa-mir-92b	1.73308870079431	0.713956499909338	0.0736215072679696	0.632241035446409	0.741679303277273	0.804845829391561	0.0216963281976521	0.696944077132325	0.650226184502807
hsa-mir-93	0.863866346486252	1.17583144711588	0.859600112993431	1.27009388583733	1.02612173096753	1.17724160326576	1.08526324383436	0.721358948709192	0.146140063323356
hsa-mir-935	0.500200522275635	0.13255413093678	0.721733118687742	2.75046534604034	0.876639193344477	1.93756649384346	0.765336882173221	2.43958635682336	0.281261773586672
hsa-mir-937	2.83916528632074	2.67425376485929	1.26372975736113	1.88453714488264	1.73720406943078	2.8002515015477	0.579374193947223	2.32067727757285	1.17978053393383
hsa-mir-940	2.1754981279458	1.27611560938212	-0.270741626778853	0.480486464996452	1.15043580318628	2.36076920845349	-0.0285303740318891	1.41256785684255	-0.183239432883154
hsa-mir-942	0.214762633354716	0.452209199894391	0.817861242967115	1.12711329785288	0.673751956722622	0.929830897647058	-0.108990948504484	0.6338844711599	-0.778676185068367
hsa-mir-95	-0.48252886547811	-0.833369246242436	-0.167154929710719	-0.19105612802747	0.735259228065093	0.333320165379632	0.382247405286	1.58838736567743	-0.0106231785852847
hsa-mir-96	3.14018260144918	1.26949963353746	-0.984580971774553	1.63053072943597	3.66520629168812	2.67492322380954	1.42418309658705	1.46966109193152	1.27589547184632
hsa-mir-98	0.743309233109125	0.154964829227464	-0.161646830951509	0.2003490730122	0.60514457713871	0.309944945513807	-0.417602408383828	0.119462683285241	0.0702989769934445
hsa-mir-99a	-1.96789551143862	-2.33230894983347	-0.365538397776541	-0.408519821342976	-0.695383631581958	-1.0022200958652	-0.259206132590839	-1.15752809324146	-0.411161455727583
hsa-mir-99b	0.733648269541324	0.147994355489401	-0.24314071086522	-0.0827307522689567	0.524630736674744	0.0370908444019225	-0.440960785796365	-0.700041027026486	0.501536038696637
